# C++ name	package	module	Luce name	file:line	kind
(r20: TOKENIZER_TRACE_DEBUG of AK/Debug.h, off in the donor build.)	luce-browser-html	html_syntax	tokenizer_trace_debug	-	addition
(r20: `m_queued_tokens.enqueue(move(m_current_token))`: the token, leaving a moved-from current token.)	luce-browser-html	html_syntax	html_tokenizer_move_current_token	-	addition
(r20: next_token's `switch (m_state)`.)	luce-browser-html	html_syntax	html_tokenizer_run_state	-	addition
(r20: the ON_* conditions of next_token.)	luce-browser-html	html_syntax	on, on_eof, on_ascii_alpha, ...	-	addition
(r20: the code of each BEGIN_STATE(X) of next_token, e.g. html_tokenizer_tag_open_state.)	luce-browser-html	html_syntax	html_tokenizer_<state>_state	-	addition
(r20: the conversion_table of the numeric character reference end state.)	luce-browser-html	html_syntax	numeric_character_reference_conversion_table	-	addition
(r20: the lambda temporary_buffer_equal_to_script of two script data states.)	luce-browser-html	html_syntax	html_tokenizer_temporary_buffer_equal_to_script	-	addition
(r20: the m_parser checks of the markup declaration open state, through the DESIGN.md §4.1.3 hook.)	luce-browser-html	html_syntax	html_tokenizer_adjusted_current_node_is_foreign	-	addition
(r20: the next_token macros SWITCH_TO, RECONSUME_IN, EMIT_EOF, ..., e.g. tokenizer_switch_to.)	luce-browser-html	html_syntax	tokenizer_<macro>	-	addition
(r20: where next_token goes after a state: the targets of the macros' goto, continue and return.)	luce-browser-html	html_syntax	TokenizerStep	-	addition
Variant<Empty, u32, HtmlTokenDoctypeData, VectorHtmlTokenAttribute>	luce-browser-html	html_syntax	EmptyOrU32OrHtmlTokenDoctypeDataOrVectorHtmlTokenAttribute	generated	variant
Web::HTML::HTMLToken	luce-browser-html	html_syntax	HtmlToken	Libraries/LibWeb/HTML/Parser/HTMLToken.h:22	struct
Web::HTML::HTMLToken::Attribute	luce-browser-html	html_syntax	HtmlTokenAttribute	Libraries/LibWeb/HTML/Parser/HTMLToken.h:42	struct
Web::HTML::HTMLToken::Attribute [default member initializers]	luce-browser-html	html_syntax	html_token_attribute_new	Libraries/LibWeb/HTML/Parser/HTMLToken.h:42	init fields
Web::HTML::HTMLToken::DoctypeData	luce-browser-html	html_syntax	HtmlTokenDoctypeData	Libraries/LibWeb/HTML/Parser/HTMLToken.h:53	struct
Web::HTML::HTMLToken::HTMLToken	luce-browser-html	html_syntax	html_token_construct	Libraries/LibWeb/HTML/Parser/HTMLToken.h:80	construct
Web::HTML::HTMLToken::Position	luce-browser-html	html_syntax	HtmlTokenPosition	Libraries/LibWeb/HTML/Parser/HTMLToken.h:37	struct
Web::HTML::HTMLToken::Type	luce-browser-html	html_syntax	HtmlTokenType	Libraries/LibWeb/HTML/Parser/HTMLToken.h:27	enum
Web::HTML::HTMLToken::acknowledge_self_closing_flag_if_set	luce-browser-html	html_syntax	html_token_acknowledge_self_closing_flag_if_set	Libraries/LibWeb/HTML/Parser/HTMLToken.h:177	ported
Web::HTML::HTMLToken::add_attribute	luce-browser-html	html_syntax	html_token_add_attribute	Libraries/LibWeb/HTML/Parser/HTMLToken.h:198	ported
Web::HTML::HTMLToken::adjust_attribute_name	luce-browser-html	html_syntax	html_token_adjust_attribute_name	Libraries/LibWeb/HTML/Parser/HTMLToken.h:281	ported
Web::HTML::HTMLToken::adjust_foreign_attribute	luce-browser-html	html_syntax	html_token_adjust_foreign_attribute	Libraries/LibWeb/HTML/Parser/HTMLToken.h:291	ported
Web::HTML::HTMLToken::adjust_tag_name	luce-browser-html	html_syntax	html_token_adjust_tag_name	Libraries/LibWeb/HTML/Parser/HTMLToken.h:274	ported
Web::HTML::HTMLToken::attribute	luce-browser-html	html_syntax	html_token_attribute	Libraries/LibWeb/HTML/Parser/HTMLToken.h:248	ported
Web::HTML::HTMLToken::attribute_count	luce-browser-html	html_syntax	html_token_attribute_count	Libraries/LibWeb/HTML/Parser/HTMLToken.h:190	ported
Web::HTML::HTMLToken::code_point	luce-browser-html	html_syntax	html_token_code_point	Libraries/LibWeb/HTML/Parser/HTMLToken.h:106	ported
Web::HTML::HTMLToken::comment	luce-browser-html	html_syntax	html_token_comment	Libraries/LibWeb/HTML/Parser/HTMLToken.h:135	ported
Web::HTML::HTMLToken::doctype_data	luce-browser-html	html_syntax	html_token_doctype_data	Libraries/LibWeb/HTML/Parser/HTMLToken.h:304	ported
Web::HTML::HTMLToken::drop_attributes	luce-browser-html	html_syntax	html_token_drop_attributes	Libraries/LibWeb/HTML/Parser/HTMLToken.h:218	ported
Web::HTML::HTMLToken::end_position	luce-browser-html	html_syntax	html_token_end_position	Libraries/LibWeb/HTML/Parser/HTMLToken.h:326	ported
Web::HTML::HTMLToken::ensure_doctype_data	luce-browser-html	html_syntax	html_token_ensure_doctype_data	Libraries/LibWeb/HTML/Parser/HTMLToken.h:312	ported
Web::HTML::HTMLToken::ensure_tag_attributes	luce-browser-html	html_syntax	html_token_ensure_tag_attributes	Libraries/LibWeb/HTML/Parser/HTMLToken.h:345	ported
Web::HTML::HTMLToken::for_each_attribute	luce-browser-html	html_syntax	html_token_for_each_attribute	Libraries/LibWeb/HTML/Parser/HTMLToken.h:236	ported
Web::HTML::HTMLToken::for_each_attribute	luce-browser-html	html_syntax	html_token_for_each_attribute_const	Libraries/LibWeb/HTML/Parser/HTMLToken.h:224	ported
Web::HTML::HTMLToken::had_duplicate_attribute	luce-browser-html	html_syntax	html_token_had_duplicate_attribute	Libraries/LibWeb/HTML/Parser/HTMLToken.h:332	ported
Web::HTML::HTMLToken::has_acknowledged_self_closing_flag	luce-browser-html	html_syntax	html_token_has_acknowledged_self_closing_flag	Libraries/LibWeb/HTML/Parser/HTMLToken.h:171	ported
Web::HTML::HTMLToken::has_attribute	luce-browser-html	html_syntax	html_token_has_attribute	Libraries/LibWeb/HTML/Parser/HTMLToken.h:269	ported
Web::HTML::HTMLToken::has_attributes	luce-browser-html	html_syntax	html_token_has_attributes	Libraries/LibWeb/HTML/Parser/HTMLToken.h:183	ported
Web::HTML::HTMLToken::is_character	luce-browser-html	html_syntax	html_token_is_character	Libraries/LibWeb/HTML/Parser/HTMLToken.h:103	ported
Web::HTML::HTMLToken::is_comment	luce-browser-html	html_syntax	html_token_is_comment	Libraries/LibWeb/HTML/Parser/HTMLToken.h:102	ported
Web::HTML::HTMLToken::is_doctype	luce-browser-html	html_syntax	html_token_is_doctype	Libraries/LibWeb/HTML/Parser/HTMLToken.h:99	ported
Web::HTML::HTMLToken::is_end_of_file	luce-browser-html	html_syntax	html_token_is_end_of_file	Libraries/LibWeb/HTML/Parser/HTMLToken.h:104	ported
Web::HTML::HTMLToken::is_end_tag	luce-browser-html	html_syntax	html_token_is_end_tag	Libraries/LibWeb/HTML/Parser/HTMLToken.h:101	ported
Web::HTML::HTMLToken::is_parser_whitespace	luce-browser-html	html_syntax	html_token_is_parser_whitespace	Libraries/LibWeb/HTML/Parser/HTMLToken.h:112	ported
Web::HTML::HTMLToken::is_self_closing	luce-browser-html	html_syntax	html_token_is_self_closing	Libraries/LibWeb/HTML/Parser/HTMLToken.h:159	ported
Web::HTML::HTMLToken::is_start_tag	luce-browser-html	html_syntax	html_token_is_start_tag	Libraries/LibWeb/HTML/Parser/HTMLToken.h:100	ported
Web::HTML::HTMLToken::last_attribute	luce-browser-html	html_syntax	html_token_last_attribute	Libraries/LibWeb/HTML/Parser/HTMLToken.h:211	ported
Web::HTML::HTMLToken::last_attribute	luce-browser-html	html_syntax	html_token_last_attribute_const	Libraries/LibWeb/HTML/Parser/HTMLToken.h:204	ported
Web::HTML::HTMLToken::make_character	luce-browser-html	html_syntax	html_token_make_character	Libraries/LibWeb/HTML/Parser/HTMLToken.h:64	ported
Web::HTML::HTMLToken::make_start_tag	luce-browser-html	html_syntax	html_token_make_start_tag	Libraries/LibWeb/HTML/Parser/HTMLToken.h:71	ported
Web::HTML::HTMLToken::normalize_attributes	luce-browser-html	html_syntax	html_token_normalize_attributes	Libraries/LibWeb/HTML/Parser/HTMLToken.cpp:77	ported
Web::HTML::HTMLToken::raw_attribute	luce-browser-html	html_syntax	html_token_raw_attribute	Libraries/LibWeb/HTML/Parser/HTMLToken.h:255	ported
Web::HTML::HTMLToken::set_code_point	luce-browser-html	html_syntax	html_token_set_code_point	Libraries/LibWeb/HTML/Parser/HTMLToken.h:129	ported
Web::HTML::HTMLToken::set_comment	luce-browser-html	html_syntax	html_token_set_comment	Libraries/LibWeb/HTML/Parser/HTMLToken.h:141	ported
Web::HTML::HTMLToken::set_end_position	luce-browser-html	html_syntax	html_token_set_end_position	Libraries/LibWeb/HTML/Parser/HTMLToken.h:329	ported
Web::HTML::HTMLToken::set_self_closing	luce-browser-html	html_syntax	html_token_set_self_closing	Libraries/LibWeb/HTML/Parser/HTMLToken.h:165	ported
Web::HTML::HTMLToken::set_start_position	luce-browser-html	html_syntax	html_token_set_start_position	Libraries/LibWeb/HTML/Parser/HTMLToken.h:328	ported
Web::HTML::HTMLToken::set_tag_name	luce-browser-html	html_syntax	html_token_set_tag_name	Libraries/LibWeb/HTML/Parser/HTMLToken.h:153	ported
Web::HTML::HTMLToken::start_position	luce-browser-html	html_syntax	html_token_start_position	Libraries/LibWeb/HTML/Parser/HTMLToken.h:325	ported
Web::HTML::HTMLToken::tag_attributes	luce-browser-html	html_syntax	html_token_tag_attributes	Libraries/LibWeb/HTML/Parser/HTMLToken.h:340	ported
Web::HTML::HTMLToken::tag_attributes	luce-browser-html	html_syntax	html_token_tag_attributes_const	Libraries/LibWeb/HTML/Parser/HTMLToken.h:335	ported
Web::HTML::HTMLToken::tag_name	luce-browser-html	html_syntax	html_token_tag_name	Libraries/LibWeb/HTML/Parser/HTMLToken.h:147	ported
Web::HTML::HTMLToken::to_string	luce-browser-html	html_syntax	html_token_to_string	Libraries/LibWeb/HTML/Parser/HTMLToken.cpp:12	ported
Web::HTML::HTMLToken::type	luce-browser-html	html_syntax	html_token_type	Libraries/LibWeb/HTML/Parser/HTMLToken.h:321	ported
Web::HTML::HTMLTokenizer	luce-browser-html	html_syntax	HtmlTokenizer	Libraries/LibWeb/HTML/Parser/HTMLTokenizer.h:106	struct
Web::HTML::HTMLTokenizer [default member initializers]	luce-browser-html	html_syntax	html_tokenizer_init_fields	Libraries/LibWeb/HTML/Parser/HTMLTokenizer.h:106	init fields
Web::HTML::HTMLTokenizer::ConsumeNextResult	luce-browser-html	html_syntax	HtmlTokenizerConsumeNextResult	Libraries/LibWeb/HTML/Parser/HTMLTokenizer.h:164	enum
Web::HTML::HTMLTokenizer::HTMLTokenizer	luce-browser-html	html_syntax	html_tokenizer_construct	Libraries/LibWeb/HTML/Parser/HTMLTokenizer.cpp:2914	construct
Web::HTML::HTMLTokenizer::HTMLTokenizer	luce-browser-html	html_syntax	html_tokenizer_construct_string_view	Libraries/LibWeb/HTML/Parser/HTMLTokenizer.cpp:2922	construct
Web::HTML::HTMLTokenizer::State	luce-browser-html	html_syntax	HtmlTokenizerState	Libraries/LibWeb/HTML/Parser/HTMLTokenizer.h:111	enum
Web::HTML::HTMLTokenizer::StopAtInsertionPoint	luce-browser-html	html_syntax	HtmlTokenizerStopAtInsertionPoint	Libraries/LibWeb/HTML/Parser/HTMLTokenizer.h:117	enum
Web::HTML::HTMLTokenizer::abort	luce-browser-html	html_syntax	html_tokenizer_abort	Libraries/LibWeb/HTML/Parser/HTMLTokenizer.h:153	ported
Web::HTML::HTMLTokenizer::append_to_input_stream	luce-browser-html	html_syntax	html_tokenizer_append_to_input_stream	Libraries/LibWeb/HTML/Parser/HTMLTokenizer.cpp:2959	ported
Web::HTML::HTMLTokenizer::can_run_out_of_characters	luce-browser-html	html_syntax	html_tokenizer_can_run_out_of_characters	Libraries/LibWeb/HTML/Parser/HTMLTokenizer.cpp:226	ported
Web::HTML::HTMLTokenizer::close_input_stream	luce-browser-html	html_syntax	html_tokenizer_close_input_stream	Libraries/LibWeb/HTML/Parser/HTMLTokenizer.cpp:2965	ported
Web::HTML::HTMLTokenizer::consume_current_builder	luce-browser-html	html_syntax	html_tokenizer_consume_current_builder	Libraries/LibWeb/HTML/Parser/HTMLTokenizer.cpp:3064	ported
Web::HTML::HTMLTokenizer::consume_next_if_match	luce-browser-html	html_syntax	html_tokenizer_consume_next_if_match	Libraries/LibWeb/HTML/Parser/HTMLTokenizer.cpp:2882	ported
Web::HTML::HTMLTokenizer::consumed_as_part_of_an_attribute	luce-browser-html	html_syntax	html_tokenizer_consumed_as_part_of_an_attribute	Libraries/LibWeb/HTML/Parser/HTMLTokenizer.cpp:3044	ported
Web::HTML::HTMLTokenizer::create_new_token	luce-browser-html	html_syntax	html_tokenizer_create_new_token	Libraries/LibWeb/HTML/Parser/HTMLTokenizer.cpp:2906	ported
Web::HTML::HTMLTokenizer::current_end_tag_token_is_appropriate	luce-browser-html	html_syntax	html_tokenizer_current_end_tag_token_is_appropriate	Libraries/LibWeb/HTML/Parser/HTMLTokenizer.cpp:3036	ported
Web::HTML::HTMLTokenizer::insert_eof	luce-browser-html	html_syntax	html_tokenizer_insert_eof	Libraries/LibWeb/HTML/Parser/HTMLTokenizer.cpp:2997	ported
Web::HTML::HTMLTokenizer::insert_input_at_insertion_point	luce-browser-html	html_syntax	html_tokenizer_insert_input_at_insertion_point	Libraries/LibWeb/HTML/Parser/HTMLTokenizer.cpp:2970	ported
Web::HTML::HTMLTokenizer::is_blocked	luce-browser-html	html_syntax	html_tokenizer_is_blocked	Libraries/LibWeb/HTML/Parser/HTMLTokenizer.h:132	ported
Web::HTML::HTMLTokenizer::is_eof_inserted	luce-browser-html	html_syntax	html_tokenizer_is_eof_inserted	Libraries/LibWeb/HTML/Parser/HTMLTokenizer.cpp:3003	ported
Web::HTML::HTMLTokenizer::is_input_stream_closed	luce-browser-html	html_syntax	html_tokenizer_is_input_stream_closed	Libraries/LibWeb/HTML/Parser/HTMLTokenizer.h:140	ported
Web::HTML::HTMLTokenizer::is_insertion_point_defined	luce-browser-html	html_syntax	html_tokenizer_is_insertion_point_defined	Libraries/LibWeb/HTML/Parser/HTMLTokenizer.h:145	ported
Web::HTML::HTMLTokenizer::is_insertion_point_reached	luce-browser-html	html_syntax	html_tokenizer_is_insertion_point_reached	Libraries/LibWeb/HTML/Parser/HTMLTokenizer.h:146	ported
Web::HTML::HTMLTokenizer::next_code_point	luce-browser-html	html_syntax	html_tokenizer_next_code_point	Libraries/LibWeb/HTML/Parser/HTMLTokenizer.cpp:232	ported
Web::HTML::HTMLTokenizer::next_token	luce-browser-html	html_syntax	html_tokenizer_next_token	Libraries/LibWeb/HTML/Parser/HTMLTokenizer.cpp:299	ported
Web::HTML::HTMLTokenizer::nth_last_position	luce-browser-html	html_syntax	html_tokenizer_nth_last_position	Libraries/LibWeb/HTML/Parser/HTMLTokenizer.cpp:290	ported
Web::HTML::HTMLTokenizer::parser_did_run	luce-browser-html	html_syntax	html_tokenizer_parser_did_run	Libraries/LibWeb/HTML/Parser/HTMLTokenizer.cpp:2936	ported
Web::HTML::HTMLTokenizer::peek_code_point	luce-browser-html	html_syntax	html_tokenizer_peek_code_point	Libraries/LibWeb/HTML/Parser/HTMLTokenizer.cpp:277	ported
Web::HTML::HTMLTokenizer::restore_old_insertion_point	luce-browser-html	html_syntax	html_tokenizer_restore_old_insertion_point	Libraries/LibWeb/HTML/Parser/HTMLTokenizer.h:149	ported
Web::HTML::HTMLTokenizer::restore_to	luce-browser-html	html_syntax	html_tokenizer_restore_to	Libraries/LibWeb/HTML/Parser/HTMLTokenizer.cpp:3049	ported
Web::HTML::HTMLTokenizer::set_blocked	luce-browser-html	html_syntax	html_tokenizer_set_blocked	Libraries/LibWeb/HTML/Parser/HTMLTokenizer.h:131	ported
Web::HTML::HTMLTokenizer::set_parser	luce-browser-html	html_syntax	html_tokenizer_set_parser	Libraries/LibWeb/HTML/Parser/HTMLTokenizer.h:123	ported
Web::HTML::HTMLTokenizer::should_pause_before_next_input_character	luce-browser-html	html_syntax	html_tokenizer_should_pause_before_next_input_character	Libraries/LibWeb/HTML/Parser/HTMLTokenizer.cpp:198	ported
Web::HTML::HTMLTokenizer::skip	luce-browser-html	html_syntax	html_tokenizer_skip	Libraries/LibWeb/HTML/Parser/HTMLTokenizer.cpp:257	ported
Web::HTML::HTMLTokenizer::source	luce-browser-html	html_syntax	html_tokenizer_source	Libraries/LibWeb/HTML/Parser/HTMLTokenizer.h:134	ported
Web::HTML::HTMLTokenizer::state_name	luce-browser-html	html_syntax	html_tokenizer_state_name	Libraries/LibWeb/HTML/Parser/HTMLTokenizer.h:177	ported
Web::HTML::HTMLTokenizer::store_old_insertion_point	luce-browser-html	html_syntax	html_tokenizer_store_old_insertion_point	Libraries/LibWeb/HTML/Parser/HTMLTokenizer.h:148	ported
Web::HTML::HTMLTokenizer::switch_to	luce-browser-html	html_syntax	html_tokenizer_switch_to_html_parser	Libraries/LibWeb/HTML/Parser/HTMLTokenizer.cpp:3018	ported
Web::HTML::HTMLTokenizer::switch_to	luce-browser-html	html_syntax	html_tokenizer_switch_to_html_tokenizer_state	Libraries/LibWeb/HTML/Parser/HTMLTokenizer.h:126	ported
Web::HTML::HTMLTokenizer::undefine_insertion_point	luce-browser-html	html_syntax	html_tokenizer_undefine_insertion_point	Libraries/LibWeb/HTML/Parser/HTMLTokenizer.h:147	ported
Web::HTML::HTMLTokenizer::unparsed_input	luce-browser-html	html_syntax	html_tokenizer_unparsed_input	Libraries/LibWeb/HTML/Parser/HTMLTokenizer.cpp:2950	ported
Web::HTML::HTMLTokenizer::update_insertion_point	luce-browser-html	html_syntax	html_tokenizer_update_insertion_point	Libraries/LibWeb/HTML/Parser/HTMLTokenizer.h:150	ported
Web::HTML::HTMLTokenizer::visit_edges	luce-browser-html	html_syntax	html_tokenizer_visit_edges	Libraries/LibWeb/HTML/Parser/HTMLTokenizer.cpp:3071	ported
Web::HTML::HTMLTokenizer::will_emit	luce-browser-html	html_syntax	html_tokenizer_will_emit	Libraries/LibWeb/HTML/Parser/HTMLTokenizer.cpp:3024	ported
Web::HTML::HTMLTokenizer::will_reconsume_in	luce-browser-html	html_syntax	html_tokenizer_will_reconsume_in	Libraries/LibWeb/HTML/Parser/HTMLTokenizer.cpp:3013	ported
Web::HTML::HTMLTokenizer::will_switch_to	luce-browser-html	html_syntax	html_tokenizer_will_switch_to	Libraries/LibWeb/HTML/Parser/HTMLTokenizer.cpp:3008	ported
Web::HTML::NamedCharacterReferenceCodepoints	luce-browser-html	html_syntax	NamedCharacterReferenceCodepoints	Build/Libraries/LibWeb/HTML/Parser/NamedCharacterReferences.h:51	struct
Web::HTML::NamedCharacterReferenceFirstLayerNode	luce-browser-html	html_syntax	NamedCharacterReferenceFirstLayerNode	Build/Libraries/LibWeb/HTML/Parser/NamedCharacterReferences.h:57	struct
Web::HTML::NamedCharacterReferenceFirstToSecondLayerLink	luce-browser-html	html_syntax	NamedCharacterReferenceFirstToSecondLayerLink	Build/Libraries/LibWeb/HTML/Parser/NamedCharacterReferences.h:63	struct
Web::HTML::NamedCharacterReferenceMatcher	luce-browser-html	html_syntax	NamedCharacterReferenceMatcher	Libraries/LibWeb/HTML/Parser/Entities.h:15	struct
Web::HTML::NamedCharacterReferenceMatcher [default member initializers]	luce-browser-html	html_syntax	named_character_reference_matcher_init_fields	Libraries/LibWeb/HTML/Parser/Entities.h:15	init fields
Web::HTML::NamedCharacterReferenceMatcher::SearchState	luce-browser-html	html_syntax	NamedCharacterReferenceMatcherSearchState	Libraries/LibWeb/HTML/Parser/Entities.h:47	struct
Web::HTML::NamedCharacterReferenceMatcher::SearchStateTag	luce-browser-html	html_syntax	NamedCharacterReferenceMatcherSearchStateTag	Libraries/LibWeb/HTML/Parser/Entities.h:42	enum
Web::HTML::NamedCharacterReferenceMatcher::code_points	luce-browser-html	html_syntax	named_character_reference_matcher_code_points	Libraries/LibWeb/HTML/Parser/Entities.h:35	ported
Web::HTML::NamedCharacterReferenceMatcher::last_match_ends_with_semicolon	luce-browser-html	html_syntax	named_character_reference_matcher_last_match_ends_with_semicolon	Libraries/LibWeb/HTML/Parser/Entities.h:37	ported
Web::HTML::NamedCharacterReferenceMatcher::overconsumed_code_points	luce-browser-html	html_syntax	named_character_reference_matcher_overconsumed_code_points	Libraries/LibWeb/HTML/Parser/Entities.h:39	ported
Web::HTML::NamedCharacterReferenceMatcher::try_consume_ascii_char	luce-browser-html	html_syntax	named_character_reference_matcher_try_consume_ascii_char	Libraries/LibWeb/HTML/Parser/Entities.cpp:21	ported
Web::HTML::NamedCharacterReferenceMatcher::try_consume_code_point	luce-browser-html	html_syntax	named_character_reference_matcher_try_consume_code_point	Libraries/LibWeb/HTML/Parser/Entities.h:22	ported
Web::HTML::NamedCharacterReferenceNode	luce-browser-html	html_syntax	NamedCharacterReferenceNode	Build/Libraries/LibWeb/HTML/Parser/NamedCharacterReferences.h:81	struct
Web::HTML::NamedCharacterReferenceSecondCodepoint	luce-browser-html	html_syntax	NamedCharacterReferenceSecondCodepoint	Build/Libraries/LibWeb/HTML/Parser/NamedCharacterReferences.h:10	enum
Web::HTML::NamedCharacterReferenceSecondLayerNode	luce-browser-html	html_syntax	NamedCharacterReferenceSecondLayerNode	Build/Libraries/LibWeb/HTML/Parser/NamedCharacterReferences.h:71	struct
Web::HTML::ascii_alphabetic_to_index	luce-browser-html	html_syntax	ascii_alphabetic_to_index	Libraries/LibWeb/HTML/Parser/Entities.cpp:15	ported
Web::HTML::g_named_character_reference_codepoints_lookup	luce-browser-html	html_syntax	g_named_character_reference_codepoints_lookup	Build/Libraries/LibWeb/HTML/Parser/NamedCharacterReferences.cpp:6	variable
Web::HTML::g_named_character_reference_first_layer	luce-browser-html	html_syntax	g_named_character_reference_first_layer	Build/Libraries/LibWeb/HTML/Parser/NamedCharacterReferences.h:112	variable
Web::HTML::g_named_character_reference_first_to_second_layer	luce-browser-html	html_syntax	g_named_character_reference_first_to_second_layer	Build/Libraries/LibWeb/HTML/Parser/NamedCharacterReferences.h:113	variable
Web::HTML::g_named_character_reference_nodes	luce-browser-html	html_syntax	g_named_character_reference_nodes	Build/Libraries/LibWeb/HTML/Parser/NamedCharacterReferences.h:111	variable
Web::HTML::g_named_character_reference_second_layer	luce-browser-html	html_syntax	g_named_character_reference_second_layer	Build/Libraries/LibWeb/HTML/Parser/NamedCharacterReferences.h:114	variable
Web::HTML::log_parse_error	luce-browser-html	html_syntax	log_parse_error	Libraries/LibWeb/HTML/Parser/HTMLTokenizer.cpp:193	ported
Web::HTML::named_character_reference_codepoints_from_unique_index	luce-browser-html	html_syntax	named_character_reference_codepoints_from_unique_index	Build/Libraries/LibWeb/HTML/Parser/NamedCharacterReferences.h:116	ported
Web::HTML::named_character_reference_second_codepoint_value	luce-browser-html	html_syntax	named_character_reference_second_codepoint_value	Build/Libraries/LibWeb/HTML/Parser/NamedCharacterReferences.h:22	ported
